{"cameraMode":{"drawMode":0,"name":"Shaded","section":"Shading Mode"},"sceneLighting":true,"audioPlay":false,"sceneViewState":{"m_AlwaysRefresh":false,"showFog":true,"showSkybox":true,"showFlares":true,"showImageEffects":true,"showParticleSystems":true,"showVisualEffectGraphs":true,"m_FxEnabled":true},"in2DMode":false,"pivot":{"x":2.5529661178588869,"y":1.152634859085083,"z":1.5180412530899048},"rotation":{"x":0.028672361746430398,"y":0.948296308517456,"z":-0.31022459268569949,"w":0.07362205535173416},"size":0.8472736477851868,"orthographic":true}