{"cameraMode":{"drawMode":0,"name":"Shaded","section":"Shading Mode"},"sceneLighting":true,"audioPlay":false,"sceneViewState":{"m_AlwaysRefresh":false,"showFog":true,"showSkybox":true,"showFlares":true,"showImageEffects":true,"showParticleSystems":true,"showVisualEffectGraphs":true,"m_FxEnabled":true},"in2DMode":false,"pivot":{"x":2.8062376976013185,"y":-0.06790322065353394,"z":0.42510196566581728},"rotation":{"x":0.48876330256462099,"y":0.5106461048126221,"z":-0.49123314023017886,"w":0.5095610618591309},"size":0.3759649097919464,"orthographic":false}